{"test_weighted_f1":0.8642087253618865,"final_confusion_matrix_table":{"log_mode":"IMMUTABLE","size":457,"sha256":"c297f18f861c096652fab79d7b65d4b2f6dc92a0b50a802d2dfdfd2636eaa1fb","_type":"table-file","artifact_path":"wandb-client-artifact://tpvgymjhcqcwdlbp62gghego0odxfupfrruyhf9rew7tjkj1oy1ex3lapj7bc2grkncwepwq0dcm82me9wjcndce676nm6fvkaz5n688aagwbki1qlyx1zke3cdfoesl/final_confusion_matrix_table.table.json","path":"media/table/final_confusion_matrix_table_5_c297f18f861c096652fa.table.json","ncols":3,"nrows":16,"_latest_artifact_path":"wandb-client-artifact://3ejvpib5zp3ulo14lw8vykdhhtweei08extsdlnq8kfzw9pyxrbcaej0d040ssy49l68kcv3gouhppbnlnljkgg4n86ycczb0sttuoakdxtyj93hnr8rggn3lht2gmom:latest/final_confusion_matrix_table.table.json"},"test_accuracy":86.48018648018649,"_runtime":19427,"stage":0,"train/loss":0.5667227310894054,"_timestamp":1.7724922565331376e+09,"val/loss":0.6631683172119989,"_step":5,"_wandb":{"runtime":19427},"epoch":2,"train/acc":0.9060968268982715,"val/acc":0.8972222222222223,"val/f1":0.8977137331055142}